﻿КАТЕГОРИЯ;НАЗВАНИЕ;ЗАМЕНА
категория;Abstandswarner;система оповещения о расстоянии
категория;Alarmanlage;система сигнализации
категория;Ambiente-Beleuchtung;окружающее освещение
категория;Android;андроид
комплектация;Armlehne;подлокотник
комплектация;Beheizbare ;Подогреваемый
комплектация;Frontscheibe;лобовое стекло
комплектация;Beheizbares ;Подогреваемый
комплектация;Lenkrad;рулевое колесо
комплектация;Berganfahrassistent;помощь при старте на подъеме
комплектация;Blendfreies ;без бликов
комплектация;Fernlicht;дальний свет
комплектация;Bordcomputer;бортовой компьютер
комплектация;CD-Spieler;CD-плеер
категория;Внедорожник/Пикап;Внедорожник
категория;Механическая коробка передач;Механика
двери;Сдвижная дверь справа;
двери;Сдвижные двери слева;
